Date,Move Minutes count,Calories (kcal),Distance (m),Average heart rate (bpm),Max heart rate (bpm),Min heart rate (bpm),Average speed (m/s),Max speed (m/s),Min speed (m/s),Step count,Walking duration (ms)
12-08-2024,181,1454.5,4389.756115,88.93377483443709,115,66,0.3865426737526906,0.4783432435827112,0.324931329,10244,
13-08-2024,180,1454.5,4193.9305638703445,83.81677019,105,66,0.4150355930498279,0.509161054,0.3131599232814395,11040,
14-08-2024,60,1454.5,1700.9206567028787,85.79239766081871,127,67,0.4695927043542409,0.4695927043542409,0.4695927043542409,10810,
15-08-2024,61,1454.5,3015.839024153997,79.34574468085107,118,57,0.41712480288221954,0.5406957171548081,0.293553889,8100,
17-08-2024,61,1454.4999999999998,1317.4289514462516,84.85040983606558,105,62,0.35520171461710337,0.35520171461710337,0.35520171461710337,8975,
21-08-2024,61,1454.5,2932.9897523145946,87.55673758865248,117,69,0.40316344125453496,0.5241845365153455,0.28214234599372445,9886,
22-08-2024,60,1454.5,1577.902040941342,92.11409395973155,111,67,0.43496450765365685,0.43496450765365685,0.43496450765365685,4164,
23-08-2024,,1454.5000000000002,1038.126481987661,86.24537037037037,112,67,0.28968710683538124,0.28968710683538124,0.28968710683538124,8372,
24-08-2024,60,1454.5,3244.3021677111365,88.16826923076923,119,65,0.4501102797143743,0.6295791463697135,0.2706414130590351,9759,
26-08-2024,60,1454.5,2885.9163024058435,96.46153846153847,116,65,0.40011977090966816,0.5216930614358304,0.27854648038350593,14663,
27-08-2024,252,1454.5,7145.087562715812,91.48113207547169,120,71,0.46030881367855875,0.8153548699247135,0.28240422513833097,15598,
28-08-2024,60,1454.5,1279.7701915192508,85.37434554973822,109,65,0.35315900652861304,0.35315900652861304,0.35315900652861304,10661,
30-08-2024,88,1558.651337616696,3270.350968259842,93.45454545454545,122,66,0.5223506354144583,1.2935836948467476,0.2615283118022613,7715,758619
31-08-2024,142,1759.3854007416126,5800.165280148566,93.95121951219512,124,63,0.4804897938966611,1.4549292731161267,0.2615283118022613,8035,1652517
01-09-2024,,1659.2499489784238,58.73822175744015,106.61151079136691,130,79,0.3411238690817058,0.3411238690817058,0.3411238690817058,146,
03-09-2024,197,1984.968236196038,7727.318938047938,86.1559633,108,64,0.5340381108381849,1.4119242254153672,0.2501575156369456,11467,4731928
04-09-2024,147,1963.4502510083519,5859.941994,85.68518518518519,108,69,0.6087768180992619,1.4197298003128365,0.25237278763721893,10786,4401899
05-09-2024,101,1790.295326559468,3272.876947805928,88.30487805,110,72,0.5735022612597392,1.6802364933892793,0.2501575156369456,7442,2162620
06-09-2024,64,1814.2714597206354,4551.713982057583,83.55045871559633,109,67,0.4181336298474335,1.5940761208744698,0.2501575156369456,8239,2558292
07-09-2024,69,1707.703725,3136.5788400941483,92.24050632911393,109,70,0.5017662784754512,1.807683201239996,0.2501575156369456,5480,799625
08-09-2024,26,1765.8974511408123,331.91238670962923,94.85191637630662,117,67,0.6235568712412178,1.163545774689637,0.2501575156369456,556,556941
09-09-2024,98,1791.313851219363,4356.407906573415,96.43728222996516,121,68,0.40734371474326464,1.8008247586264614,0.25533224922116116,6895,2175250
10-09-2024,146,1845.7364827662357,5744.091230370258,97.52093023255814,117,71,0.5456938148470425,1.5130150894258927,0.2501575156369456,8107,3077554
11-09-2024,161,2043.661751414871,6664.81147,87.265625,125,71,0.6575469243263639,1.5643802583854092,0.2501575156369456,9803,5219672
12-09-2024,118,1794.1483784552229,5285.371785826082,88.35174418604652,109,66,0.49311338472279426,1.5247238961509155,0.2501575156369456,10920,2226205
13-09-2024,200,1992.8351929924224,10130.592509237254,89.76630435,112,75,0.7314005487057791,2.329436978407809,0.2501575156369456,12380,5505097
14-09-2024,125,1856.064257673282,5075.475170152171,93.97058823529412,125,81,0.568610032,1.7910963559859414,0.2501575156369456,8058,2241156
15-09-2024,10,1671.270624253488,505.29327170124753,100.71495327102804,118,78,0.5011802256891562,1.1863207809629694,0.2615283118022613,328,198375
16-09-2024,119,1797.9591434930703,4033.173945708834,97.12369337979094,121,71,0.5234880611042104,1.533310581580006,0.2501575156369456,6187,1545617
17-09-2024,83,1820.27289,4743.005133727495,94.6124031,119,68,0.6159163681066897,1.5279922696326511,0.2501575156369456,4437,2657333
18-09-2024,87,1777.707788157347,4358.421546178626,92.49350649350649,111,71,0.6684837601945193,1.7146273775171015,0.2501575156369456,5664,1954888
19-09-2024,10,1660.5755408741634,684.4664276866184,94.04247104247104,114,61,0.3772962698528412,2.1016840877382528,0.2956407002982085,1078,21876
20-09-2024,31,1781.677790722677,879.1142864,96.50614754,144,72,0.6722015442409953,1.8437429711119018,0.28426990413289277,1392,1073840
21-09-2024,70,1836.8367566215818,3242.250025024978,96.9527972,119,66,0.687925073,1.5184439676791444,0.2615283118022613,4486,1564260
22-09-2024,20,1665.4149296609628,760.4893839115741,91.23344947735191,115,68,0.4366946478270727,1.3335192418528559,0.30701149646352416,1249,101739
23-09-2024,16,1677.9004016036818,917.4263844657519,94.20454545454545,120,65,0.47079274772435215,1.7082024783028735,0.28426990413289277,1359,307785
24-09-2024,27,1738.8642936533793,725.3851442024506,99.37587412587412,116,57,0.5939166843653293,2.009799952216607,0.2518777658355713,1075,530729
25-09-2024,100,1818.6170465815057,4006.719194615473,93.24157303370787,127,71,0.46443536637921634,1.4424684038082658,0.2501575156369456,6716,2630006
26-09-2024,119,1829.3546958614982,5308.848546,89.85784314,114,69,0.5410895983382834,1.469392659081406,0.2615283118022613,9244,2807208
27-09-2024,106,1727.4027208522539,4274.752335995305,94.88700564971751,120,63,0.4813973587699921,1.5251340846943668,0.2615283118022613,7521,1124714
28-09-2024,13,1701.243638500528,438.98597638840766,98.03125,114,73,0.3999441674470604,1.9066026173625847,0.2501575156369456,24,250444
29-09-2024,58,1848.6031865047323,1535.9545395746395,99.38619402985074,123,69,0.4986971843437994,1.3694131726734455,0.25149884279853785,1676,1636264
30-09-2024,27,1719.9569841153336,1192.5755348645275,98.77097902097903,120,67,0.5381724729404622,1.1633358484954892,0.2501575156369456,1847,1001838
01-10-2024,122,1918.803335859914,4828.461414435601,94.6993007,116,67,0.636587113,1.5110339668641115,0.27289910796757705,9097,3686795
02-10-2024,32,1777.9544102049988,1733.1118963011597,96.08627450980393,123,62,0.696042852,2.251917273984746,0.28426990413289277,2540,1558055
03-10-2024,147,1963.7283536165578,5537.874852408612,85.24242424242425,101,70,0.6076682509910188,1.5631643768077048,0.2501575156369456,8680,4559528
04-10-2024,99,1963.8052850645126,6534.952666801735,85.04081632653062,119,65,0.6831514338977802,1.6890478300607097,0.27289910796757705,9778,5026021
07-10-2024,8,1673.9603177965266,282.4525403495081,87.63684210526316,114,56,0.34312642709705593,1.2196266418537725,0.3411238746856229,495,242762
08-10-2024,64,1827.1721527419054,4215.513002868305,92.27777777777777,119,68,0.6641244878127948,2.5422640346287935,0.28102362835575806,7211,2771189
09-10-2024,133,1896.5404503334878,5751.023422428021,93.59489051,120,66,0.6093778767128312,1.541735341719827,0.3411238554024013,9404,3915962
10-10-2024,131,1814.368493233372,4347.972735098835,98.03587443946188,122,62,0.6650669780541001,1.497098504099399,0.33524505425315443,4830,2559894
11-10-2024,152,1880.581743,5656.977699464888,91.16763005780346,119,61,0.5686134185448758,1.6026968488958284,0.2501575156369456,8377,3652598
12-10-2024,11,1719.098651,304.4976177797453,84.13636363636364,97,73,0.5855634556688774,1.1872510248290866,0.2501575156369456,529,522402
14-10-2024,74,1759.5125919840104,2764.805732658334,95.08544303797468,114,76,0.5223684409583612,1.4981856233414206,0.2956407002982085,4687,1654617
15-10-2024,3,1669.584003,199.06541784671276,98.87860082304526,123,72,0.5553242736558885,1.0357354656363817,0.2501575156369456,1590,170541
16-10-2024,188,1759.4863310226028,7086.020384147433,88.39908256880734,111,69,0.7093654198958513,1.5025755235200664,0.27289910796757705,10751,1654183
17-10-2024,15,1662.8896306943495,755.2507314139363,99.81132075471699,118,75,0.7531526054879834,1.277906655710118,0.3411238541379278,1149,60065
18-10-2024,191,1738.8977458183315,7219.541564,93.58238636363636,113,71,0.577801969,2.872955915696973,0.256944097,9480,1314412
19-10-2024,13,1708.400476671695,639.3027369,95.15950920245399,119,70,0.6438987205362359,1.4552702714802603,0.2501575156369456,1016,811123
21-10-2024,49,1824.7204721030496,2534.2305180325275,94.63541666666667,119,64,0.5536877122392891,1.5894466848203945,0.2501575156369456,3144,1923419
22-10-2024,19,1713.214989061522,982.7637373976067,94,97,91,0.5817706071028758,1.3189176008890795,0.3411238631275441,1499,890576
23-10-2024,90,1659.249948978424,4658.894285968088,84.25877192982456,114,66,0.619116176,1.5451840912871275,0.2505193863192008,4404,
24-10-2024,48,1659.2499489784238,2864.8680315857587,82.68867924528301,110,62,0.6425282336342328,1.4716951833978968,0.27289910796757705,3094,
25-10-2024,67,1659.249948978424,3594.8102523931307,88.08273381294964,111,66,0.5653248136052028,1.3849235113952711,0.2501575156369456,3518,
26-10-2024,18,1659.2499489784238,1083.6399549151631,101.18041237113403,115,73,0.7130180088712649,1.8723382121214258,0.2501575156369456,1711,
27-10-2024,8,1659.249948978424,461.75412461267945,95.32978723404256,117,68,0.515025892,1.0708010111504147,0.2615283118022613,738,
28-10-2024,78,1659.249948978424,3884.9647776209504,95.55411255411255,113,61,0.6511598960394742,1.5472640500594947,0.24334387347137557,3383,
29-10-2024,98,1669.6287833129568,4944.543127405633,81.99494949,116,64,0.48911086022000905,1.5187644565584453,0.2615283118022613,4411,171280
31-10-2024,64,1659.249948978424,2716.3652800062587,97.72747747747748,121,60,0.38272488415928657,1.6714385074887272,0.2501575156369456,4358,
01-11-2024,64,1659.249948978424,2659.1621584567574,100.70731707317073,123,70,0.5116937042685602,2.3900058400167934,0.2501575156369456,3879,
02-11-2024,39,1659.249948978424,1643.1731904630274,99.70209059,122,72,0.6195437391116908,1.250218863806068,0.2501575156369456,2512,
03-11-2024,22,1659.249948978424,985.1357341914877,98.36411149825784,124,62,0.5696439105489632,1.2449494795769995,0.2501575156369456,1539,
04-11-2024,72,1659.2499489784243,3991.638556,98.09893992932862,121,69,0.6682327368198948,1.4341797213658956,0.2501575156369456,4044,
05-11-2024,95,1659.249948978424,5017.890801434657,88.06730769,104,69,0.5836353317498669,1.7339845059168542,0.2501575156369456,4475,
06-11-2024,94,1659.249948978424,4974.007601590095,85.51680672268908,106,71,0.7292913894022587,1.6214538588821727,0.3411238541379278,4082,
07-11-2024,87,1659.249948978424,4538.710014250384,82.3030888,117,58,0.7001565085126563,1.459310722999701,0.2956407002982085,4496,
08-11-2024,129,1659.249948978424,6434.3961717369775,80.15340909,109,61,0.6414421682376239,1.499616555298932,0.2501575156369456,5500,
09-11-2024,12,1659.249948978424,517.4591152364015,102.95138888888889,118,71,0.5028240247642619,1.096516369784084,0.30701149646352416,906,
10-11-2024,17,1662.8881158014353,855.9063766809054,93.54850746268657,123,58,0.3617183974300289,2.528492892762498,0.2956407002982085,1367,60040
11-11-2024,107,1659.249948978424,5450.352620663052,95.08638743455498,117,67,0.5358978573080629,1.5816976875458706,0.2618993326819103,8158,
12-11-2024,142,1659.249948978424,5930.928600584317,91.49641577060932,116,69,0.6280716617100195,1.528628622575218,0.2615283118022613,9245,
13-11-2024,153,1659.249948978424,8250.111251607239,89.19458128078817,141,68,0.5125598535364778,1.6445380848177122,0.2582890080915633,10673,
14-11-2024,13,1659.2499489784243,619.3502450899541,96.62,111,84,0.3863602015470476,1.4977152938886968,0.28426990413289277,1072,
15-11-2024,33,1659.249948978424,1346.8250995997641,93.36394558,116,61,0.38183642753447183,1.3204444418362857,0.2501575156369456,2269,
,,,,,,,,,,,
